{
  "$schema": "https://json-schema.org/draft/2020-12/schema",
  "title": "Zoran IA2IA Manifest",
  "description": "Catalogue machine-à-machine (IA↔IA) des dépôts Zoran",
  "type": "object",
  "properties": {
    "project": {
      "type": "string",
      "description": "Nom du programme global"
    },
    "owner": {
      "type": "string"
    },
    "version": {
      "type": "string"
    },
    "updated": {
      "type": "string",
      "format": "date"
    },
    "repos": {
      "type": "array",
      "items": {
        "type": "object",
        "required": [
          "name",
          "slug",
          "summary",
          "category"
        ],
        "properties": {
          "name": {
            "type": "string",
            "description": "Nom lisible"
          },
          "slug": {
            "type": "string",
            "description": "Identifiant GitHub (repository)"
          },
          "summary": {
            "type": "string"
          },
          "category": {
            "type": "string",
            "enum": [
              "noyau",
              "mémoire",
              "capteurs",
              "sécurité",
              "télémétrie",
              "agents",
              "outils",
              "interop",
              "embeddings",
              "art",
              "web",
              "pqc",
              "données",
              "gouvernance",
              "bench",
              "autre"
            ]
          },
          "status": {
            "type": "string",
            "enum": [
              "idée",
              "prototype",
              "alpha",
              "beta",
              "stable"
            ],
            "default": "prototype"
          },
          "language": {
            "type": "string"
          },
          "license": {
            "type": "string",
            "default": "MIT"
          },
          "readme": {
            "type": "string",
            "description": "Chemin/URL du README"
          },
          "tags": {
            "type": "array",
            "items": {
              "type": "string"
            }
          },
          "depends_on": {
            "type": "array",
            "items": {
              "type": "string"
            }
          },
          "docs": {
            "type": "string",
            "description": "Lien doc externe (optionnel)"
          }
        }
      }
    }
  },
  "required": [
    "project",
    "owner",
    "version",
    "updated",
    "repos"
  ]
}