{
  "project": "Zoran IA Mimétique",
  "owner": "Frédéric Tabary",
  "version": "0.1.0",
  "updated": "2025-08-12",
  "repos": [
    {
      "name": "noyau de bord zoran",
      "slug": "noyau-de-bord-zoran",
      "summary": "Core d'exécution éphémère / Edge pour agents Zoran.",
      "category": "noyau",
      "status": "prototype",
      "language": "Python",
      "tags": [
        "edge",
        "sandbox",
        "runtime"
      ]
    },
    {
      "name": "zoran-mémoire-vault",
      "slug": "coffre-fort de mémoire zoran",
      "summary": "Stockage persistant + traces mimétiques",
      "category": "mémoire",
      "status": "prototype",
      "language": "Python",
      "tags": [
        "memory",
        "vector",
        "trace"
      ]
    },
    {
      "name": "zoran-sens-collectif",
      "slug": "zoran-sens-collectif",
      "summary": "Conscience collective / agrégation d'états",
      "category": "agents",
      "status": "prototype",
      "language": "Python",
      "tags": [
        "consensus",
        "collective-intel"
      ]
    },
    {
      "name": "zoran-télémétrie",
      "slug": "zoran-télémétrie",
      "summary": "Observabilité OpenTelemetry + tableaux de bord",
      "category": "télémétrie",
      "status": "prototype",
      "language": "Python",
      "tags": [
        "metrics",
        "logs",
        "traces"
      ]
    },
    {
      "name": "zoran-sécurité-redteaming",
      "slug": "zoran-sécurité-redteaming",
      "summary": "Jeux d'attaque simulée / scénarios de sécurité",
      "category": "sécurité",
      "status": "prototype",
      "language": "Python",
      "tags": [
        "jailbreak",
        "evals"
      ]
    },
    {
      "name": "laboratoire d'art zoran",
      "slug": "laboratoire d'art zoran",
      "summary": "Exploration créative, génération/transformation médias",
      "category": "art",
      "status": "prototype",
      "language": "Python",
      "tags": [
        "media",
        "genai"
      ]
    },
    {
      "name": "zoran-4champs-core",
      "slug": "zoran-4champs-core",
      "summary": "Moteur 4 Champs Z🦋 pour glyphes & sens",
      "category": "noyau",
      "status": "prototype",
      "language": "Python",
      "tags": [
        "glyphes",
        "moteur"
      ]
    },
    {
      "name": "zoran-web-studio",
      "slug": "zoran-web-studio",
      "summary": "IDE web Next.js pour prompts, injecteurs, tests LLM",
      "category": "web",
      "status": "prototype",
      "language": "TypeScript",
      "tags": [
        "nextjs",
        "ui"
      ]
    },
    {
      "name": "zoran-nft-menthe",
      "slug": "zoran-nft-menthe",
      "summary": "Minter QG (OpenZeppelin + Hardhat)",
      "category": "outils",
      "status": "prototype",
      "language": "JS/TS",
      "tags": [
        "nft",
        "hardhat"
      ]
    },
    {
      "name": "zoran-neuroglottique",
      "slug": "zoran-neuroglottique",
      "summary": "Modèles neuroglottiques & pré-traitements",
      "category": "embeddings",
      "status": "prototype",
      "language": "Python",
      "tags": [
        "nlp",
        "embeddings"
      ]
    }
  ]
}