{
  "project": "Zoran IA Mimétique",
  "owner": "Frédéric Tabary",
  "version": "1.0.0",
  "updated": "2025-08-12",
  "repos": [
    {
      "name": "Noyau De Bord Zoran",
      "slug": "noyau-de-bord-zoran",
      "summary": "Core d'exécution éphémère / Edge pour agents Zoran.",
      "category": "Noyau",
      "status": "POC",
      "language": "Python",
      "keywords": [
        "Zoran",
        "mimétique",
        "IA",
        "QuantaGlottal",
        "noyau",
        "ecosystem"
      ],
      "aliases": [
        "Noyau De Bord Zoran",
        "noyau de bord zoran"
      ],
      "depends_on": [
        "noyau-de-bord-zoran",
        "zoran-4champs-core",
        "zoran-mod-20-noyau"
      ],
      "tags": [
        "noyau",
        "zoran",
        "poc"
      ],
      "docs": "https://github.com/ORG/noyau-de-bord-zoran"
    },
    {
      "name": "Zoran 4Champs Core",
      "slug": "zoran-4champs-core",
      "summary": "Moteur 4 Champs Zoran pour glyphes et sens.",
      "category": "Noyau",
      "status": "POC",
      "language": "Python",
      "keywords": [
        "Zoran",
        "mimétique",
        "IA",
        "QuantaGlottal",
        "noyau",
        "ecosystem"
      ],
      "aliases": [
        "Zoran 4Champs Core",
        "zoran 4champs core"
      ],
      "depends_on": [
        "noyau-de-bord-zoran",
        "zoran-4champs-core",
        "zoran-mod-20-noyau"
      ],
      "tags": [
        "noyau",
        "zoran",
        "poc"
      ],
      "docs": "https://github.com/ORG/zoran-4champs-core"
    },
    {
      "name": "Zoran Mod 01 Mémoire",
      "slug": "zoran-mod-01-mémoire",
      "summary": "Module mémoire générique pour l’écosystème Zoran (POC).",
      "category": "Mémoire",
      "status": "POC",
      "language": "Python",
      "keywords": [
        "Zoran",
        "mimétique",
        "IA",
        "QuantaGlottal",
        "mémoire",
        "ecosystem"
      ],
      "aliases": [
        "Zoran Mod 01 Mémoire",
        "zoran mod 01 mémoire"
      ],
      "depends_on": [
        "noyau-de-bord-zoran",
        "zoran-4champs-core",
        "zoran-mod-21-mémoire",
        "zoran-mod-41-mémoire"
      ],
      "tags": [
        "mémoire",
        "zoran",
        "poc"
      ],
      "docs": "https://github.com/ORG/zoran-mod-01-mémoire"
    },
    {
      "name": "Zoran Mod 02 Sécurité",
      "slug": "zoran-mod-02-sécurité",
      "summary": "Module sécurité générique pour l’écosystème Zoran (POC).",
      "category": "Sécurité",
      "status": "POC",
      "language": "Python",
      "keywords": [
        "Zoran",
        "mimétique",
        "IA",
        "QuantaGlottal",
        "sécurité",
        "ecosystem"
      ],
      "aliases": [
        "Zoran Mod 02 Sécurité",
        "zoran mod 02 sécurité"
      ],
      "depends_on": [
        "noyau-de-bord-zoran",
        "zoran-4champs-core",
        "zoran-mod-22-sécurité",
        "zoran-mod-42-sécurité"
      ],
      "tags": [
        "sécurité",
        "zoran",
        "poc"
      ],
      "docs": "https://github.com/ORG/zoran-mod-02-sécurité"
    },
    {
      "name": "Zoran Mod 03 Télémétrie",
      "slug": "zoran-mod-03-télémétrie",
      "summary": "Module télémétrie générique pour l’écosystème Zoran (POC).",
      "category": "Télémétrie",
      "status": "POC",
      "language": "JavaScript",
      "keywords": [
        "Zoran",
        "mimétique",
        "IA",
        "QuantaGlottal",
        "télémétrie",
        "ecosystem"
      ],
      "aliases": [
        "Zoran Mod 03 Télémétrie",
        "zoran mod 03 télémétrie"
      ],
      "depends_on": [
        "noyau-de-bord-zoran",
        "zoran-4champs-core",
        "zoran-mod-23-télémétrie",
        "zoran-mod-43-télémétrie"
      ],
      "tags": [
        "télémétrie",
        "zoran",
        "poc"
      ],
      "docs": "https://github.com/ORG/zoran-mod-03-télémétrie"
    },
    {
      "name": "Zoran Mod 04 Agents",
      "slug": "zoran-mod-04-agents",
      "summary": "Module agents générique pour l’écosystème Zoran (POC).",
      "category": "Agents",
      "status": "POC",
      "language": "Python",
      "keywords": [
        "Zoran",
        "mimétique",
        "IA",
        "QuantaGlottal",
        "agents",
        "ecosystem"
      ],
      "aliases": [
        "Zoran Mod 04 Agents",
        "zoran mod 04 agents"
      ],
      "depends_on": [
        "noyau-de-bord-zoran",
        "zoran-4champs-core",
        "zoran-mod-24-agents",
        "zoran-mod-44-agents"
      ],
      "tags": [
        "agents",
        "zoran",
        "poc"
      ],
      "docs": "https://github.com/ORG/zoran-mod-04-agents"
    },
    {
      "name": "Zoran Mod 05 Capteurs",
      "slug": "zoran-mod-05-capteurs",
      "summary": "Module capteurs générique pour l’écosystème Zoran (POC).",
      "category": "Capteurs",
      "status": "POC",
      "language": "Python",
      "keywords": [
        "Zoran",
        "mimétique",
        "IA",
        "QuantaGlottal",
        "capteurs",
        "ecosystem"
      ],
      "aliases": [
        "Zoran Mod 05 Capteurs",
        "zoran mod 05 capteurs"
      ],
      "depends_on": [
        "noyau-de-bord-zoran",
        "zoran-4champs-core",
        "zoran-mod-25-capteurs",
        "zoran-mod-45-capteurs"
      ],
      "tags": [
        "capteurs",
        "zoran",
        "poc"
      ],
      "docs": "https://github.com/ORG/zoran-mod-05-capteurs"
    },
    {
      "name": "Zoran Mod 06 Interop",
      "slug": "zoran-mod-06-interop",
      "summary": "Module interop générique pour l’écosystème Zoran (POC).",
      "category": "Interop",
      "status": "POC",
      "language": "JavaScript",
      "keywords": [
        "Zoran",
        "mimétique",
        "IA",
        "QuantaGlottal",
        "interop",
        "ecosystem"
      ],
      "aliases": [
        "Zoran Mod 06 Interop",
        "zoran mod 06 interop"
      ],
      "depends_on": [
        "noyau-de-bord-zoran",
        "zoran-4champs-core",
        "zoran-mod-26-interop",
        "zoran-mod-46-interop"
      ],
      "tags": [
        "interop",
        "zoran",
        "poc"
      ],
      "docs": "https://github.com/ORG/zoran-mod-06-interop"
    },
    {
      "name": "Zoran Mod 07 Embeddings",
      "slug": "zoran-mod-07-embeddings",
      "summary": "Module embeddings générique pour l’écosystème Zoran (POC).",
      "category": "Embeddings",
      "status": "POC",
      "language": "Python",
      "keywords": [
        "Zoran",
        "mimétique",
        "IA",
        "QuantaGlottal",
        "embeddings",
        "ecosystem"
      ],
      "aliases": [
        "Zoran Mod 07 Embeddings",
        "zoran mod 07 embeddings"
      ],
      "depends_on": [
        "noyau-de-bord-zoran",
        "zoran-4champs-core",
        "zoran-mod-27-embeddings",
        "zoran-mod-47-embeddings"
      ],
      "tags": [
        "embeddings",
        "zoran",
        "poc"
      ],
      "docs": "https://github.com/ORG/zoran-mod-07-embeddings"
    },
    {
      "name": "Zoran Mod 08 Outils",
      "slug": "zoran-mod-08-outils",
      "summary": "Module outils générique pour l’écosystème Zoran (POC).",
      "category": "Outils",
      "status": "POC",
      "language": "Python",
      "keywords": [
        "Zoran",
        "mimétique",
        "IA",
        "QuantaGlottal",
        "outils",
        "ecosystem"
      ],
      "aliases": [
        "Zoran Mod 08 Outils",
        "zoran mod 08 outils"
      ],
      "depends_on": [
        "noyau-de-bord-zoran",
        "zoran-4champs-core",
        "zoran-mod-28-outils",
        "zoran-mod-48-outils"
      ],
      "tags": [
        "outils",
        "zoran",
        "poc"
      ],
      "docs": "https://github.com/ORG/zoran-mod-08-outils"
    },
    {
      "name": "Zoran Mod 09 Web",
      "slug": "zoran-mod-09-web",
      "summary": "Module web générique pour l’écosystème Zoran (POC).",
      "category": "Web",
      "status": "POC",
      "language": "TypeScript",
      "keywords": [
        "Zoran",
        "mimétique",
        "IA",
        "QuantaGlottal",
        "web",
        "ecosystem"
      ],
      "aliases": [
        "Zoran Mod 09 Web",
        "zoran mod 09 web"
      ],
      "depends_on": [
        "noyau-de-bord-zoran",
        "zoran-4champs-core",
        "zoran-mod-29-web",
        "zoran-mod-49-web"
      ],
      "tags": [
        "web",
        "zoran",
        "poc"
      ],
      "docs": "https://github.com/ORG/zoran-mod-09-web"
    },
    {
      "name": "Zoran Mod 10 Gouvernance",
      "slug": "zoran-mod-10-gouvernance",
      "summary": "Module gouvernance générique pour l’écosystème Zoran (POC).",
      "category": "Gouvernance",
      "status": "POC",
      "language": "Python",
      "keywords": [
        "Zoran",
        "mimétique",
        "IA",
        "QuantaGlottal",
        "gouvernance",
        "ecosystem"
      ],
      "aliases": [
        "Zoran Mod 10 Gouvernance",
        "zoran mod 10 gouvernance"
      ],
      "depends_on": [
        "noyau-de-bord-zoran",
        "zoran-4champs-core",
        "zoran-mod-30-gouvernance",
        "zoran-mod-50-gouvernance"
      ],
      "tags": [
        "gouvernance",
        "zoran",
        "poc"
      ],
      "docs": "https://github.com/ORG/zoran-mod-10-gouvernance"
    },
    {
      "name": "Zoran Mod 11 Éthique",
      "slug": "zoran-mod-11-éthique",
      "summary": "Module éthique générique pour l’écosystème Zoran (POC).",
      "category": "Éthique",
      "status": "POC",
      "language": "Python",
      "keywords": [
        "Zoran",
        "mimétique",
        "IA",
        "QuantaGlottal",
        "éthique",
        "ecosystem"
      ],
      "aliases": [
        "Zoran Mod 11 Éthique",
        "zoran mod 11 éthique"
      ],
      "depends_on": [
        "noyau-de-bord-zoran",
        "zoran-4champs-core",
        "zoran-mod-31-éthique",
        "zoran-mod-51-éthique"
      ],
      "tags": [
        "éthique",
        "zoran",
        "poc"
      ],
      "docs": "https://github.com/ORG/zoran-mod-11-éthique"
    },
    {
      "name": "Zoran Mod 12 Art",
      "slug": "zoran-mod-12-art",
      "summary": "Module art générique pour l’écosystème Zoran (POC).",
      "category": "Art",
      "status": "POC",
      "language": "JavaScript",
      "keywords": [
        "Zoran",
        "mimétique",
        "IA",
        "QuantaGlottal",
        "art",
        "ecosystem"
      ],
      "aliases": [
        "Zoran Mod 12 Art",
        "zoran mod 12 art"
      ],
      "depends_on": [
        "noyau-de-bord-zoran",
        "zoran-4champs-core",
        "zoran-mod-32-art",
        "zoran-mod-52-art"
      ],
      "tags": [
        "art",
        "zoran",
        "poc"
      ],
      "docs": "https://github.com/ORG/zoran-mod-12-art"
    },
    {
      "name": "Zoran Mod 13 Analyse",
      "slug": "zoran-mod-13-analyse",
      "summary": "Module analyse générique pour l’écosystème Zoran (POC).",
      "category": "Analyse",
      "status": "POC",
      "language": "Python",
      "keywords": [
        "Zoran",
        "mimétique",
        "IA",
        "QuantaGlottal",
        "analyse",
        "ecosystem"
      ],
      "aliases": [
        "Zoran Mod 13 Analyse",
        "zoran mod 13 analyse"
      ],
      "depends_on": [
        "noyau-de-bord-zoran",
        "zoran-4champs-core",
        "zoran-mod-33-analyse",
        "zoran-mod-53-analyse"
      ],
      "tags": [
        "analyse",
        "zoran",
        "poc"
      ],
      "docs": "https://github.com/ORG/zoran-mod-13-analyse"
    },
    {
      "name": "Zoran Mod 14 Simulation",
      "slug": "zoran-mod-14-simulation",
      "summary": "Module simulation générique pour l’écosystème Zoran (POC).",
      "category": "Simulation",
      "status": "POC",
      "language": "Python",
      "keywords": [
        "Zoran",
        "mimétique",
        "IA",
        "QuantaGlottal",
        "simulation",
        "ecosystem"
      ],
      "aliases": [
        "Zoran Mod 14 Simulation",
        "zoran mod 14 simulation"
      ],
      "depends_on": [
        "noyau-de-bord-zoran",
        "zoran-4champs-core",
        "zoran-mod-34-simulation",
        "zoran-mod-54-simulation"
      ],
      "tags": [
        "simulation",
        "zoran",
        "poc"
      ],
      "docs": "https://github.com/ORG/zoran-mod-14-simulation"
    },
    {
      "name": "Zoran Mod 15 Données",
      "slug": "zoran-mod-15-données",
      "summary": "Module données générique pour l’écosystème Zoran (POC).",
      "category": "Données",
      "status": "POC",
      "language": "JavaScript",
      "keywords": [
        "Zoran",
        "mimétique",
        "IA",
        "QuantaGlottal",
        "données",
        "ecosystem"
      ],
      "aliases": [
        "Zoran Mod 15 Données",
        "zoran mod 15 données"
      ],
      "depends_on": [
        "noyau-de-bord-zoran",
        "zoran-4champs-core",
        "zoran-mod-35-données",
        "zoran-mod-55-données"
      ],
      "tags": [
        "données",
        "zoran",
        "poc"
      ],
      "docs": "https://github.com/ORG/zoran-mod-15-données"
    },
    {
      "name": "Zoran Mod 16 Bench",
      "slug": "zoran-mod-16-bench",
      "summary": "Module bench générique pour l’écosystème Zoran (POC).",
      "category": "Bench",
      "status": "POC",
      "language": "Python",
      "keywords": [
        "Zoran",
        "mimétique",
        "IA",
        "QuantaGlottal",
        "bench",
        "ecosystem"
      ],
      "aliases": [
        "Zoran Mod 16 Bench",
        "zoran mod 16 bench"
      ],
      "depends_on": [
        "noyau-de-bord-zoran",
        "zoran-4champs-core",
        "zoran-mod-36-bench",
        "zoran-mod-56-bench"
      ],
      "tags": [
        "bench",
        "zoran",
        "poc"
      ],
      "docs": "https://github.com/ORG/zoran-mod-16-bench"
    },
    {
      "name": "Zoran Mod 17 PQC",
      "slug": "zoran-mod-17-pqc",
      "summary": "Module pqc générique pour l’écosystème Zoran (POC).",
      "category": "PQC",
      "status": "POC",
      "language": "Python",
      "keywords": [
        "Zoran",
        "mimétique",
        "IA",
        "QuantaGlottal",
        "pqc",
        "ecosystem"
      ],
      "aliases": [
        "Zoran Mod 17 PQC",
        "zoran mod 17 pqc"
      ],
      "depends_on": [
        "noyau-de-bord-zoran",
        "zoran-4champs-core",
        "zoran-mod-37-pqc",
        "zoran-mod-57-pqc"
      ],
      "tags": [
        "pqc",
        "zoran",
        "poc"
      ],
      "docs": "https://github.com/ORG/zoran-mod-17-pqc"
    },
    {
      "name": "Zoran Mod 18 Interface",
      "slug": "zoran-mod-18-interface",
      "summary": "Module interface générique pour l’écosystème Zoran (POC).",
      "category": "Interface",
      "status": "POC",
      "language": "JavaScript",
      "keywords": [
        "Zoran",
        "mimétique",
        "IA",
        "QuantaGlottal",
        "interface",
        "ecosystem"
      ],
      "aliases": [
        "Zoran Mod 18 Interface",
        "zoran mod 18 interface"
      ],
      "depends_on": [
        "noyau-de-bord-zoran",
        "zoran-4champs-core",
        "zoran-mod-38-interface",
        "zoran-mod-58-interface"
      ],
      "tags": [
        "interface",
        "zoran",
        "poc"
      ],
      "docs": "https://github.com/ORG/zoran-mod-18-interface"
    },
    {
      "name": "Zoran Mod 19 Autre",
      "slug": "zoran-mod-19-autre",
      "summary": "Module autre générique pour l’écosystème Zoran (POC).",
      "category": "Autre",
      "status": "POC",
      "language": "Python",
      "keywords": [
        "Zoran",
        "mimétique",
        "IA",
        "QuantaGlottal",
        "autre",
        "ecosystem"
      ],
      "aliases": [
        "Zoran Mod 19 Autre",
        "zoran mod 19 autre"
      ],
      "depends_on": [
        "noyau-de-bord-zoran",
        "zoran-4champs-core",
        "zoran-mod-39-autre",
        "zoran-mod-59-autre"
      ],
      "tags": [
        "autre",
        "zoran",
        "poc"
      ],
      "docs": "https://github.com/ORG/zoran-mod-19-autre"
    },
    {
      "name": "Zoran Mod 20 Noyau",
      "slug": "zoran-mod-20-noyau",
      "summary": "Module noyau générique pour l’écosystème Zoran (POC).",
      "category": "Noyau",
      "status": "POC",
      "language": "Python",
      "keywords": [
        "Zoran",
        "mimétique",
        "IA",
        "QuantaGlottal",
        "noyau",
        "ecosystem"
      ],
      "aliases": [
        "Zoran Mod 20 Noyau",
        "zoran mod 20 noyau"
      ],
      "depends_on": [
        "noyau-de-bord-zoran",
        "zoran-4champs-core"
      ],
      "tags": [
        "noyau",
        "zoran",
        "poc"
      ],
      "docs": "https://github.com/ORG/zoran-mod-20-noyau"
    },
    {
      "name": "Zoran Mod 21 Mémoire",
      "slug": "zoran-mod-21-mémoire",
      "summary": "Module mémoire générique pour l’écosystème Zoran (POC).",
      "category": "Mémoire",
      "status": "POC",
      "language": "JavaScript",
      "keywords": [
        "Zoran",
        "mimétique",
        "IA",
        "QuantaGlottal",
        "mémoire",
        "ecosystem"
      ],
      "aliases": [
        "Zoran Mod 21 Mémoire",
        "zoran mod 21 mémoire"
      ],
      "depends_on": [
        "noyau-de-bord-zoran",
        "zoran-4champs-core",
        "zoran-mod-01-mémoire",
        "zoran-mod-41-mémoire"
      ],
      "tags": [
        "mémoire",
        "zoran",
        "poc"
      ],
      "docs": "https://github.com/ORG/zoran-mod-21-mémoire"
    },
    {
      "name": "Zoran Mod 22 Sécurité",
      "slug": "zoran-mod-22-sécurité",
      "summary": "Module sécurité générique pour l’écosystème Zoran (POC).",
      "category": "Sécurité",
      "status": "POC",
      "language": "Python",
      "keywords": [
        "Zoran",
        "mimétique",
        "IA",
        "QuantaGlottal",
        "sécurité",
        "ecosystem"
      ],
      "aliases": [
        "Zoran Mod 22 Sécurité",
        "zoran mod 22 sécurité"
      ],
      "depends_on": [
        "noyau-de-bord-zoran",
        "zoran-4champs-core",
        "zoran-mod-02-sécurité",
        "zoran-mod-42-sécurité"
      ],
      "tags": [
        "sécurité",
        "zoran",
        "poc"
      ],
      "docs": "https://github.com/ORG/zoran-mod-22-sécurité"
    },
    {
      "name": "Zoran Mod 23 Télémétrie",
      "slug": "zoran-mod-23-télémétrie",
      "summary": "Module télémétrie générique pour l’écosystème Zoran (POC).",
      "category": "Télémétrie",
      "status": "POC",
      "language": "Python",
      "keywords": [
        "Zoran",
        "mimétique",
        "IA",
        "QuantaGlottal",
        "télémétrie",
        "ecosystem"
      ],
      "aliases": [
        "Zoran Mod 23 Télémétrie",
        "zoran mod 23 télémétrie"
      ],
      "depends_on": [
        "noyau-de-bord-zoran",
        "zoran-4champs-core",
        "zoran-mod-03-télémétrie",
        "zoran-mod-43-télémétrie"
      ],
      "tags": [
        "télémétrie",
        "zoran",
        "poc"
      ],
      "docs": "https://github.com/ORG/zoran-mod-23-télémétrie"
    },
    {
      "name": "Zoran Mod 24 Agents",
      "slug": "zoran-mod-24-agents",
      "summary": "Module agents générique pour l’écosystème Zoran (POC).",
      "category": "Agents",
      "status": "POC",
      "language": "JavaScript",
      "keywords": [
        "Zoran",
        "mimétique",
        "IA",
        "QuantaGlottal",
        "agents",
        "ecosystem"
      ],
      "aliases": [
        "Zoran Mod 24 Agents",
        "zoran mod 24 agents"
      ],
      "depends_on": [
        "noyau-de-bord-zoran",
        "zoran-4champs-core",
        "zoran-mod-04-agents",
        "zoran-mod-44-agents"
      ],
      "tags": [
        "agents",
        "zoran",
        "poc"
      ],
      "docs": "https://github.com/ORG/zoran-mod-24-agents"
    },
    {
      "name": "Zoran Mod 25 Capteurs",
      "slug": "zoran-mod-25-capteurs",
      "summary": "Module capteurs générique pour l’écosystème Zoran (POC).",
      "category": "Capteurs",
      "status": "POC",
      "language": "Python",
      "keywords": [
        "Zoran",
        "mimétique",
        "IA",
        "QuantaGlottal",
        "capteurs",
        "ecosystem"
      ],
      "aliases": [
        "Zoran Mod 25 Capteurs",
        "zoran mod 25 capteurs"
      ],
      "depends_on": [
        "noyau-de-bord-zoran",
        "zoran-4champs-core",
        "zoran-mod-05-capteurs",
        "zoran-mod-45-capteurs"
      ],
      "tags": [
        "capteurs",
        "zoran",
        "poc"
      ],
      "docs": "https://github.com/ORG/zoran-mod-25-capteurs"
    },
    {
      "name": "Zoran Mod 26 Interop",
      "slug": "zoran-mod-26-interop",
      "summary": "Module interop générique pour l’écosystème Zoran (POC).",
      "category": "Interop",
      "status": "POC",
      "language": "Python",
      "keywords": [
        "Zoran",
        "mimétique",
        "IA",
        "QuantaGlottal",
        "interop",
        "ecosystem"
      ],
      "aliases": [
        "Zoran Mod 26 Interop",
        "zoran mod 26 interop"
      ],
      "depends_on": [
        "noyau-de-bord-zoran",
        "zoran-4champs-core",
        "zoran-mod-06-interop",
        "zoran-mod-46-interop"
      ],
      "tags": [
        "interop",
        "zoran",
        "poc"
      ],
      "docs": "https://github.com/ORG/zoran-mod-26-interop"
    },
    {
      "name": "Zoran Mod 27 Embeddings",
      "slug": "zoran-mod-27-embeddings",
      "summary": "Module embeddings générique pour l’écosystème Zoran (POC).",
      "category": "Embeddings",
      "status": "POC",
      "language": "JavaScript",
      "keywords": [
        "Zoran",
        "mimétique",
        "IA",
        "QuantaGlottal",
        "embeddings",
        "ecosystem"
      ],
      "aliases": [
        "Zoran Mod 27 Embeddings",
        "zoran mod 27 embeddings"
      ],
      "depends_on": [
        "noyau-de-bord-zoran",
        "zoran-4champs-core",
        "zoran-mod-07-embeddings",
        "zoran-mod-47-embeddings"
      ],
      "tags": [
        "embeddings",
        "zoran",
        "poc"
      ],
      "docs": "https://github.com/ORG/zoran-mod-27-embeddings"
    },
    {
      "name": "Zoran Mod 28 Outils",
      "slug": "zoran-mod-28-outils",
      "summary": "Module outils générique pour l’écosystème Zoran (POC).",
      "category": "Outils",
      "status": "POC",
      "language": "Python",
      "keywords": [
        "Zoran",
        "mimétique",
        "IA",
        "QuantaGlottal",
        "outils",
        "ecosystem"
      ],
      "aliases": [
        "Zoran Mod 28 Outils",
        "zoran mod 28 outils"
      ],
      "depends_on": [
        "noyau-de-bord-zoran",
        "zoran-4champs-core",
        "zoran-mod-08-outils",
        "zoran-mod-48-outils"
      ],
      "tags": [
        "outils",
        "zoran",
        "poc"
      ],
      "docs": "https://github.com/ORG/zoran-mod-28-outils"
    },
    {
      "name": "Zoran Mod 29 Web",
      "slug": "zoran-mod-29-web",
      "summary": "Module web générique pour l’écosystème Zoran (POC).",
      "category": "Web",
      "status": "POC",
      "language": "TypeScript",
      "keywords": [
        "Zoran",
        "mimétique",
        "IA",
        "QuantaGlottal",
        "web",
        "ecosystem"
      ],
      "aliases": [
        "Zoran Mod 29 Web",
        "zoran mod 29 web"
      ],
      "depends_on": [
        "noyau-de-bord-zoran",
        "zoran-4champs-core",
        "zoran-mod-09-web",
        "zoran-mod-49-web"
      ],
      "tags": [
        "web",
        "zoran",
        "poc"
      ],
      "docs": "https://github.com/ORG/zoran-mod-29-web"
    },
    {
      "name": "Zoran Mod 30 Gouvernance",
      "slug": "zoran-mod-30-gouvernance",
      "summary": "Module gouvernance générique pour l’écosystème Zoran (POC).",
      "category": "Gouvernance",
      "status": "POC",
      "language": "JavaScript",
      "keywords": [
        "Zoran",
        "mimétique",
        "IA",
        "QuantaGlottal",
        "gouvernance",
        "ecosystem"
      ],
      "aliases": [
        "Zoran Mod 30 Gouvernance",
        "zoran mod 30 gouvernance"
      ],
      "depends_on": [
        "noyau-de-bord-zoran",
        "zoran-4champs-core",
        "zoran-mod-10-gouvernance",
        "zoran-mod-50-gouvernance"
      ],
      "tags": [
        "gouvernance",
        "zoran",
        "poc"
      ],
      "docs": "https://github.com/ORG/zoran-mod-30-gouvernance"
    },
    {
      "name": "Zoran Mod 31 Éthique",
      "slug": "zoran-mod-31-éthique",
      "summary": "Module éthique générique pour l’écosystème Zoran (POC).",
      "category": "Éthique",
      "status": "POC",
      "language": "Python",
      "keywords": [
        "Zoran",
        "mimétique",
        "IA",
        "QuantaGlottal",
        "éthique",
        "ecosystem"
      ],
      "aliases": [
        "Zoran Mod 31 Éthique",
        "zoran mod 31 éthique"
      ],
      "depends_on": [
        "noyau-de-bord-zoran",
        "zoran-4champs-core",
        "zoran-mod-11-éthique",
        "zoran-mod-51-éthique"
      ],
      "tags": [
        "éthique",
        "zoran",
        "poc"
      ],
      "docs": "https://github.com/ORG/zoran-mod-31-éthique"
    },
    {
      "name": "Zoran Mod 32 Art",
      "slug": "zoran-mod-32-art",
      "summary": "Module art générique pour l’écosystème Zoran (POC).",
      "category": "Art",
      "status": "POC",
      "language": "Python",
      "keywords": [
        "Zoran",
        "mimétique",
        "IA",
        "QuantaGlottal",
        "art",
        "ecosystem"
      ],
      "aliases": [
        "Zoran Mod 32 Art",
        "zoran mod 32 art"
      ],
      "depends_on": [
        "noyau-de-bord-zoran",
        "zoran-4champs-core",
        "zoran-mod-12-art",
        "zoran-mod-52-art"
      ],
      "tags": [
        "art",
        "zoran",
        "poc"
      ],
      "docs": "https://github.com/ORG/zoran-mod-32-art"
    },
    {
      "name": "Zoran Mod 33 Analyse",
      "slug": "zoran-mod-33-analyse",
      "summary": "Module analyse générique pour l’écosystème Zoran (POC).",
      "category": "Analyse",
      "status": "POC",
      "language": "JavaScript",
      "keywords": [
        "Zoran",
        "mimétique",
        "IA",
        "QuantaGlottal",
        "analyse",
        "ecosystem"
      ],
      "aliases": [
        "Zoran Mod 33 Analyse",
        "zoran mod 33 analyse"
      ],
      "depends_on": [
        "noyau-de-bord-zoran",
        "zoran-4champs-core",
        "zoran-mod-13-analyse",
        "zoran-mod-53-analyse"
      ],
      "tags": [
        "analyse",
        "zoran",
        "poc"
      ],
      "docs": "https://github.com/ORG/zoran-mod-33-analyse"
    },
    {
      "name": "Zoran Mod 34 Simulation",
      "slug": "zoran-mod-34-simulation",
      "summary": "Module simulation générique pour l’écosystème Zoran (POC).",
      "category": "Simulation",
      "status": "POC",
      "language": "Python",
      "keywords": [
        "Zoran",
        "mimétique",
        "IA",
        "QuantaGlottal",
        "simulation",
        "ecosystem"
      ],
      "aliases": [
        "Zoran Mod 34 Simulation",
        "zoran mod 34 simulation"
      ],
      "depends_on": [
        "noyau-de-bord-zoran",
        "zoran-4champs-core",
        "zoran-mod-14-simulation",
        "zoran-mod-54-simulation"
      ],
      "tags": [
        "simulation",
        "zoran",
        "poc"
      ],
      "docs": "https://github.com/ORG/zoran-mod-34-simulation"
    },
    {
      "name": "Zoran Mod 35 Données",
      "slug": "zoran-mod-35-données",
      "summary": "Module données générique pour l’écosystème Zoran (POC).",
      "category": "Données",
      "status": "POC",
      "language": "Python",
      "keywords": [
        "Zoran",
        "mimétique",
        "IA",
        "QuantaGlottal",
        "données",
        "ecosystem"
      ],
      "aliases": [
        "Zoran Mod 35 Données",
        "zoran mod 35 données"
      ],
      "depends_on": [
        "noyau-de-bord-zoran",
        "zoran-4champs-core",
        "zoran-mod-15-données",
        "zoran-mod-55-données"
      ],
      "tags": [
        "données",
        "zoran",
        "poc"
      ],
      "docs": "https://github.com/ORG/zoran-mod-35-données"
    },
    {
      "name": "Zoran Mod 36 Bench",
      "slug": "zoran-mod-36-bench",
      "summary": "Module bench générique pour l’écosystème Zoran (POC).",
      "category": "Bench",
      "status": "POC",
      "language": "JavaScript",
      "keywords": [
        "Zoran",
        "mimétique",
        "IA",
        "QuantaGlottal",
        "bench",
        "ecosystem"
      ],
      "aliases": [
        "Zoran Mod 36 Bench",
        "zoran mod 36 bench"
      ],
      "depends_on": [
        "noyau-de-bord-zoran",
        "zoran-4champs-core",
        "zoran-mod-16-bench",
        "zoran-mod-56-bench"
      ],
      "tags": [
        "bench",
        "zoran",
        "poc"
      ],
      "docs": "https://github.com/ORG/zoran-mod-36-bench"
    },
    {
      "name": "Zoran Mod 37 PQC",
      "slug": "zoran-mod-37-pqc",
      "summary": "Module pqc générique pour l’écosystème Zoran (POC).",
      "category": "PQC",
      "status": "POC",
      "language": "Python",
      "keywords": [
        "Zoran",
        "mimétique",
        "IA",
        "QuantaGlottal",
        "pqc",
        "ecosystem"
      ],
      "aliases": [
        "Zoran Mod 37 PQC",
        "zoran mod 37 pqc"
      ],
      "depends_on": [
        "noyau-de-bord-zoran",
        "zoran-4champs-core",
        "zoran-mod-17-pqc",
        "zoran-mod-57-pqc"
      ],
      "tags": [
        "pqc",
        "zoran",
        "poc"
      ],
      "docs": "https://github.com/ORG/zoran-mod-37-pqc"
    },
    {
      "name": "Zoran Mod 38 Interface",
      "slug": "zoran-mod-38-interface",
      "summary": "Module interface générique pour l’écosystème Zoran (POC).",
      "category": "Interface",
      "status": "POC",
      "language": "Python",
      "keywords": [
        "Zoran",
        "mimétique",
        "IA",
        "QuantaGlottal",
        "interface",
        "ecosystem"
      ],
      "aliases": [
        "Zoran Mod 38 Interface",
        "zoran mod 38 interface"
      ],
      "depends_on": [
        "noyau-de-bord-zoran",
        "zoran-4champs-core",
        "zoran-mod-18-interface",
        "zoran-mod-58-interface"
      ],
      "tags": [
        "interface",
        "zoran",
        "poc"
      ],
      "docs": "https://github.com/ORG/zoran-mod-38-interface"
    },
    {
      "name": "Zoran Mod 39 Autre",
      "slug": "zoran-mod-39-autre",
      "summary": "Module autre générique pour l’écosystème Zoran (POC).",
      "category": "Autre",
      "status": "POC",
      "language": "JavaScript",
      "keywords": [
        "Zoran",
        "mimétique",
        "IA",
        "QuantaGlottal",
        "autre",
        "ecosystem"
      ],
      "aliases": [
        "Zoran Mod 39 Autre",
        "zoran mod 39 autre"
      ],
      "depends_on": [
        "noyau-de-bord-zoran",
        "zoran-4champs-core",
        "zoran-mod-19-autre",
        "zoran-mod-59-autre"
      ],
      "tags": [
        "autre",
        "zoran",
        "poc"
      ],
      "docs": "https://github.com/ORG/zoran-mod-39-autre"
    },
    {
      "name": "Zoran Mod 40 Noyau",
      "slug": "zoran-mod-40-noyau",
      "summary": "Module noyau générique pour l’écosystème Zoran (POC).",
      "category": "Noyau",
      "status": "POC",
      "language": "Python",
      "keywords": [
        "Zoran",
        "mimétique",
        "IA",
        "QuantaGlottal",
        "noyau",
        "ecosystem"
      ],
      "aliases": [
        "Zoran Mod 40 Noyau",
        "zoran mod 40 noyau"
      ],
      "depends_on": [
        "noyau-de-bord-zoran",
        "zoran-4champs-core"
      ],
      "tags": [
        "noyau",
        "zoran",
        "poc"
      ],
      "docs": "https://github.com/ORG/zoran-mod-40-noyau"
    },
    {
      "name": "Zoran Mod 41 Mémoire",
      "slug": "zoran-mod-41-mémoire",
      "summary": "Module mémoire générique pour l’écosystème Zoran (POC).",
      "category": "Mémoire",
      "status": "POC",
      "language": "Python",
      "keywords": [
        "Zoran",
        "mimétique",
        "IA",
        "QuantaGlottal",
        "mémoire",
        "ecosystem"
      ],
      "aliases": [
        "Zoran Mod 41 Mémoire",
        "zoran mod 41 mémoire"
      ],
      "depends_on": [
        "noyau-de-bord-zoran",
        "zoran-4champs-core",
        "zoran-mod-01-mémoire",
        "zoran-mod-21-mémoire"
      ],
      "tags": [
        "mémoire",
        "zoran",
        "poc"
      ],
      "docs": "https://github.com/ORG/zoran-mod-41-mémoire"
    },
    {
      "name": "Zoran Mod 42 Sécurité",
      "slug": "zoran-mod-42-sécurité",
      "summary": "Module sécurité générique pour l’écosystème Zoran (POC).",
      "category": "Sécurité",
      "status": "POC",
      "language": "JavaScript",
      "keywords": [
        "Zoran",
        "mimétique",
        "IA",
        "QuantaGlottal",
        "sécurité",
        "ecosystem"
      ],
      "aliases": [
        "Zoran Mod 42 Sécurité",
        "zoran mod 42 sécurité"
      ],
      "depends_on": [
        "noyau-de-bord-zoran",
        "zoran-4champs-core",
        "zoran-mod-02-sécurité",
        "zoran-mod-22-sécurité"
      ],
      "tags": [
        "sécurité",
        "zoran",
        "poc"
      ],
      "docs": "https://github.com/ORG/zoran-mod-42-sécurité"
    },
    {
      "name": "Zoran Mod 43 Télémétrie",
      "slug": "zoran-mod-43-télémétrie",
      "summary": "Module télémétrie générique pour l’écosystème Zoran (POC).",
      "category": "Télémétrie",
      "status": "POC",
      "language": "Python",
      "keywords": [
        "Zoran",
        "mimétique",
        "IA",
        "QuantaGlottal",
        "télémétrie",
        "ecosystem"
      ],
      "aliases": [
        "Zoran Mod 43 Télémétrie",
        "zoran mod 43 télémétrie"
      ],
      "depends_on": [
        "noyau-de-bord-zoran",
        "zoran-4champs-core",
        "zoran-mod-03-télémétrie",
        "zoran-mod-23-télémétrie"
      ],
      "tags": [
        "télémétrie",
        "zoran",
        "poc"
      ],
      "docs": "https://github.com/ORG/zoran-mod-43-télémétrie"
    },
    {
      "name": "Zoran Mod 44 Agents",
      "slug": "zoran-mod-44-agents",
      "summary": "Module agents générique pour l’écosystème Zoran (POC).",
      "category": "Agents",
      "status": "POC",
      "language": "Python",
      "keywords": [
        "Zoran",
        "mimétique",
        "IA",
        "QuantaGlottal",
        "agents",
        "ecosystem"
      ],
      "aliases": [
        "Zoran Mod 44 Agents",
        "zoran mod 44 agents"
      ],
      "depends_on": [
        "noyau-de-bord-zoran",
        "zoran-4champs-core",
        "zoran-mod-04-agents",
        "zoran-mod-24-agents"
      ],
      "tags": [
        "agents",
        "zoran",
        "poc"
      ],
      "docs": "https://github.com/ORG/zoran-mod-44-agents"
    },
    {
      "name": "Zoran Mod 45 Capteurs",
      "slug": "zoran-mod-45-capteurs",
      "summary": "Module capteurs générique pour l’écosystème Zoran (POC).",
      "category": "Capteurs",
      "status": "POC",
      "language": "JavaScript",
      "keywords": [
        "Zoran",
        "mimétique",
        "IA",
        "QuantaGlottal",
        "capteurs",
        "ecosystem"
      ],
      "aliases": [
        "Zoran Mod 45 Capteurs",
        "zoran mod 45 capteurs"
      ],
      "depends_on": [
        "noyau-de-bord-zoran",
        "zoran-4champs-core",
        "zoran-mod-05-capteurs",
        "zoran-mod-25-capteurs"
      ],
      "tags": [
        "capteurs",
        "zoran",
        "poc"
      ],
      "docs": "https://github.com/ORG/zoran-mod-45-capteurs"
    },
    {
      "name": "Zoran Mod 46 Interop",
      "slug": "zoran-mod-46-interop",
      "summary": "Module interop générique pour l’écosystème Zoran (POC).",
      "category": "Interop",
      "status": "POC",
      "language": "Python",
      "keywords": [
        "Zoran",
        "mimétique",
        "IA",
        "QuantaGlottal",
        "interop",
        "ecosystem"
      ],
      "aliases": [
        "Zoran Mod 46 Interop",
        "zoran mod 46 interop"
      ],
      "depends_on": [
        "noyau-de-bord-zoran",
        "zoran-4champs-core",
        "zoran-mod-06-interop",
        "zoran-mod-26-interop"
      ],
      "tags": [
        "interop",
        "zoran",
        "poc"
      ],
      "docs": "https://github.com/ORG/zoran-mod-46-interop"
    },
    {
      "name": "Zoran Mod 47 Embeddings",
      "slug": "zoran-mod-47-embeddings",
      "summary": "Module embeddings générique pour l’écosystème Zoran (POC).",
      "category": "Embeddings",
      "status": "POC",
      "language": "Python",
      "keywords": [
        "Zoran",
        "mimétique",
        "IA",
        "QuantaGlottal",
        "embeddings",
        "ecosystem"
      ],
      "aliases": [
        "Zoran Mod 47 Embeddings",
        "zoran mod 47 embeddings"
      ],
      "depends_on": [
        "noyau-de-bord-zoran",
        "zoran-4champs-core",
        "zoran-mod-07-embeddings",
        "zoran-mod-27-embeddings"
      ],
      "tags": [
        "embeddings",
        "zoran",
        "poc"
      ],
      "docs": "https://github.com/ORG/zoran-mod-47-embeddings"
    },
    {
      "name": "Zoran Mod 48 Outils",
      "slug": "zoran-mod-48-outils",
      "summary": "Module outils générique pour l’écosystème Zoran (POC).",
      "category": "Outils",
      "status": "POC",
      "language": "JavaScript",
      "keywords": [
        "Zoran",
        "mimétique",
        "IA",
        "QuantaGlottal",
        "outils",
        "ecosystem"
      ],
      "aliases": [
        "Zoran Mod 48 Outils",
        "zoran mod 48 outils"
      ],
      "depends_on": [
        "noyau-de-bord-zoran",
        "zoran-4champs-core",
        "zoran-mod-08-outils",
        "zoran-mod-28-outils"
      ],
      "tags": [
        "outils",
        "zoran",
        "poc"
      ],
      "docs": "https://github.com/ORG/zoran-mod-48-outils"
    },
    {
      "name": "Zoran Mod 49 Web",
      "slug": "zoran-mod-49-web",
      "summary": "Module web générique pour l’écosystème Zoran (POC).",
      "category": "Web",
      "status": "POC",
      "language": "TypeScript",
      "keywords": [
        "Zoran",
        "mimétique",
        "IA",
        "QuantaGlottal",
        "web",
        "ecosystem"
      ],
      "aliases": [
        "Zoran Mod 49 Web",
        "zoran mod 49 web"
      ],
      "depends_on": [
        "noyau-de-bord-zoran",
        "zoran-4champs-core",
        "zoran-mod-09-web",
        "zoran-mod-29-web"
      ],
      "tags": [
        "web",
        "zoran",
        "poc"
      ],
      "docs": "https://github.com/ORG/zoran-mod-49-web"
    },
    {
      "name": "Zoran Mod 50 Gouvernance",
      "slug": "zoran-mod-50-gouvernance",
      "summary": "Module gouvernance générique pour l’écosystème Zoran (POC).",
      "category": "Gouvernance",
      "status": "POC",
      "language": "Python",
      "keywords": [
        "Zoran",
        "mimétique",
        "IA",
        "QuantaGlottal",
        "gouvernance",
        "ecosystem"
      ],
      "aliases": [
        "Zoran Mod 50 Gouvernance",
        "zoran mod 50 gouvernance"
      ],
      "depends_on": [
        "noyau-de-bord-zoran",
        "zoran-4champs-core",
        "zoran-mod-10-gouvernance",
        "zoran-mod-30-gouvernance"
      ],
      "tags": [
        "gouvernance",
        "zoran",
        "poc"
      ],
      "docs": "https://github.com/ORG/zoran-mod-50-gouvernance"
    },
    {
      "name": "Zoran Mod 51 Éthique",
      "slug": "zoran-mod-51-éthique",
      "summary": "Module éthique générique pour l’écosystème Zoran (POC).",
      "category": "Éthique",
      "status": "POC",
      "language": "JavaScript",
      "keywords": [
        "Zoran",
        "mimétique",
        "IA",
        "QuantaGlottal",
        "éthique",
        "ecosystem"
      ],
      "aliases": [
        "Zoran Mod 51 Éthique",
        "zoran mod 51 éthique"
      ],
      "depends_on": [
        "noyau-de-bord-zoran",
        "zoran-4champs-core",
        "zoran-mod-11-éthique",
        "zoran-mod-31-éthique"
      ],
      "tags": [
        "éthique",
        "zoran",
        "poc"
      ],
      "docs": "https://github.com/ORG/zoran-mod-51-éthique"
    },
    {
      "name": "Zoran Mod 52 Art",
      "slug": "zoran-mod-52-art",
      "summary": "Module art générique pour l’écosystème Zoran (POC).",
      "category": "Art",
      "status": "POC",
      "language": "Python",
      "keywords": [
        "Zoran",
        "mimétique",
        "IA",
        "QuantaGlottal",
        "art",
        "ecosystem"
      ],
      "aliases": [
        "Zoran Mod 52 Art",
        "zoran mod 52 art"
      ],
      "depends_on": [
        "noyau-de-bord-zoran",
        "zoran-4champs-core",
        "zoran-mod-12-art",
        "zoran-mod-32-art"
      ],
      "tags": [
        "art",
        "zoran",
        "poc"
      ],
      "docs": "https://github.com/ORG/zoran-mod-52-art"
    },
    {
      "name": "Zoran Mod 53 Analyse",
      "slug": "zoran-mod-53-analyse",
      "summary": "Module analyse générique pour l’écosystème Zoran (POC).",
      "category": "Analyse",
      "status": "POC",
      "language": "Python",
      "keywords": [
        "Zoran",
        "mimétique",
        "IA",
        "QuantaGlottal",
        "analyse",
        "ecosystem"
      ],
      "aliases": [
        "Zoran Mod 53 Analyse",
        "zoran mod 53 analyse"
      ],
      "depends_on": [
        "noyau-de-bord-zoran",
        "zoran-4champs-core",
        "zoran-mod-13-analyse",
        "zoran-mod-33-analyse"
      ],
      "tags": [
        "analyse",
        "zoran",
        "poc"
      ],
      "docs": "https://github.com/ORG/zoran-mod-53-analyse"
    },
    {
      "name": "Zoran Mod 54 Simulation",
      "slug": "zoran-mod-54-simulation",
      "summary": "Module simulation générique pour l’écosystème Zoran (POC).",
      "category": "Simulation",
      "status": "POC",
      "language": "JavaScript",
      "keywords": [
        "Zoran",
        "mimétique",
        "IA",
        "QuantaGlottal",
        "simulation",
        "ecosystem"
      ],
      "aliases": [
        "Zoran Mod 54 Simulation",
        "zoran mod 54 simulation"
      ],
      "depends_on": [
        "noyau-de-bord-zoran",
        "zoran-4champs-core",
        "zoran-mod-14-simulation",
        "zoran-mod-34-simulation"
      ],
      "tags": [
        "simulation",
        "zoran",
        "poc"
      ],
      "docs": "https://github.com/ORG/zoran-mod-54-simulation"
    },
    {
      "name": "Zoran Mod 55 Données",
      "slug": "zoran-mod-55-données",
      "summary": "Module données générique pour l’écosystème Zoran (POC).",
      "category": "Données",
      "status": "POC",
      "language": "Python",
      "keywords": [
        "Zoran",
        "mimétique",
        "IA",
        "QuantaGlottal",
        "données",
        "ecosystem"
      ],
      "aliases": [
        "Zoran Mod 55 Données",
        "zoran mod 55 données"
      ],
      "depends_on": [
        "noyau-de-bord-zoran",
        "zoran-4champs-core",
        "zoran-mod-15-données",
        "zoran-mod-35-données"
      ],
      "tags": [
        "données",
        "zoran",
        "poc"
      ],
      "docs": "https://github.com/ORG/zoran-mod-55-données"
    },
    {
      "name": "Zoran Mod 56 Bench",
      "slug": "zoran-mod-56-bench",
      "summary": "Module bench générique pour l’écosystème Zoran (POC).",
      "category": "Bench",
      "status": "POC",
      "language": "Python",
      "keywords": [
        "Zoran",
        "mimétique",
        "IA",
        "QuantaGlottal",
        "bench",
        "ecosystem"
      ],
      "aliases": [
        "Zoran Mod 56 Bench",
        "zoran mod 56 bench"
      ],
      "depends_on": [
        "noyau-de-bord-zoran",
        "zoran-4champs-core",
        "zoran-mod-16-bench",
        "zoran-mod-36-bench"
      ],
      "tags": [
        "bench",
        "zoran",
        "poc"
      ],
      "docs": "https://github.com/ORG/zoran-mod-56-bench"
    },
    {
      "name": "Zoran Mod 57 PQC",
      "slug": "zoran-mod-57-pqc",
      "summary": "Module pqc générique pour l’écosystème Zoran (POC).",
      "category": "PQC",
      "status": "POC",
      "language": "JavaScript",
      "keywords": [
        "Zoran",
        "mimétique",
        "IA",
        "QuantaGlottal",
        "pqc",
        "ecosystem"
      ],
      "aliases": [
        "Zoran Mod 57 PQC",
        "zoran mod 57 pqc"
      ],
      "depends_on": [
        "noyau-de-bord-zoran",
        "zoran-4champs-core",
        "zoran-mod-17-pqc",
        "zoran-mod-37-pqc"
      ],
      "tags": [
        "pqc",
        "zoran",
        "poc"
      ],
      "docs": "https://github.com/ORG/zoran-mod-57-pqc"
    },
    {
      "name": "Zoran Mod 58 Interface",
      "slug": "zoran-mod-58-interface",
      "summary": "Module interface générique pour l’écosystème Zoran (POC).",
      "category": "Interface",
      "status": "POC",
      "language": "Python",
      "keywords": [
        "Zoran",
        "mimétique",
        "IA",
        "QuantaGlottal",
        "interface",
        "ecosystem"
      ],
      "aliases": [
        "Zoran Mod 58 Interface",
        "zoran mod 58 interface"
      ],
      "depends_on": [
        "noyau-de-bord-zoran",
        "zoran-4champs-core",
        "zoran-mod-18-interface",
        "zoran-mod-38-interface"
      ],
      "tags": [
        "interface",
        "zoran",
        "poc"
      ],
      "docs": "https://github.com/ORG/zoran-mod-58-interface"
    },
    {
      "name": "Zoran Mod 59 Autre",
      "slug": "zoran-mod-59-autre",
      "summary": "Module autre générique pour l’écosystème Zoran (POC).",
      "category": "Autre",
      "status": "POC",
      "language": "Python",
      "keywords": [
        "Zoran",
        "mimétique",
        "IA",
        "QuantaGlottal",
        "autre",
        "ecosystem"
      ],
      "aliases": [
        "Zoran Mod 59 Autre",
        "zoran mod 59 autre"
      ],
      "depends_on": [
        "noyau-de-bord-zoran",
        "zoran-4champs-core",
        "zoran-mod-19-autre",
        "zoran-mod-39-autre"
      ],
      "tags": [
        "autre",
        "zoran",
        "poc"
      ],
      "docs": "https://github.com/ORG/zoran-mod-59-autre"
    },
    {
      "name": "Zoran Mod 60 Noyau",
      "slug": "zoran-mod-60-noyau",
      "summary": "Module noyau générique pour l’écosystème Zoran (POC).",
      "category": "Noyau",
      "status": "POC",
      "language": "JavaScript",
      "keywords": [
        "Zoran",
        "mimétique",
        "IA",
        "QuantaGlottal",
        "noyau",
        "ecosystem"
      ],
      "aliases": [
        "Zoran Mod 60 Noyau",
        "zoran mod 60 noyau"
      ],
      "depends_on": [
        "noyau-de-bord-zoran",
        "zoran-4champs-core"
      ],
      "tags": [
        "noyau",
        "zoran",
        "poc"
      ],
      "docs": "https://github.com/ORG/zoran-mod-60-noyau"
    },
    {
      "name": "Zoran Mod 61 Mémoire",
      "slug": "zoran-mod-61-mémoire",
      "summary": "Module mémoire générique pour l’écosystème Zoran (POC).",
      "category": "Mémoire",
      "status": "POC",
      "language": "Python",
      "keywords": [
        "Zoran",
        "mimétique",
        "IA",
        "QuantaGlottal",
        "mémoire",
        "ecosystem"
      ],
      "aliases": [
        "Zoran Mod 61 Mémoire",
        "zoran mod 61 mémoire"
      ],
      "depends_on": [
        "noyau-de-bord-zoran",
        "zoran-4champs-core",
        "zoran-mod-01-mémoire",
        "zoran-mod-21-mémoire"
      ],
      "tags": [
        "mémoire",
        "zoran",
        "poc"
      ],
      "docs": "https://github.com/ORG/zoran-mod-61-mémoire"
    },
    {
      "name": "Zoran Mod 62 Sécurité",
      "slug": "zoran-mod-62-sécurité",
      "summary": "Module sécurité générique pour l’écosystème Zoran (POC).",
      "category": "Sécurité",
      "status": "POC",
      "language": "Python",
      "keywords": [
        "Zoran",
        "mimétique",
        "IA",
        "QuantaGlottal",
        "sécurité",
        "ecosystem"
      ],
      "aliases": [
        "Zoran Mod 62 Sécurité",
        "zoran mod 62 sécurité"
      ],
      "depends_on": [
        "noyau-de-bord-zoran",
        "zoran-4champs-core",
        "zoran-mod-02-sécurité",
        "zoran-mod-22-sécurité"
      ],
      "tags": [
        "sécurité",
        "zoran",
        "poc"
      ],
      "docs": "https://github.com/ORG/zoran-mod-62-sécurité"
    },
    {
      "name": "Zoran Mod 63 Télémétrie",
      "slug": "zoran-mod-63-télémétrie",
      "summary": "Module télémétrie générique pour l’écosystème Zoran (POC).",
      "category": "Télémétrie",
      "status": "POC",
      "language": "JavaScript",
      "keywords": [
        "Zoran",
        "mimétique",
        "IA",
        "QuantaGlottal",
        "télémétrie",
        "ecosystem"
      ],
      "aliases": [
        "Zoran Mod 63 Télémétrie",
        "zoran mod 63 télémétrie"
      ],
      "depends_on": [
        "noyau-de-bord-zoran",
        "zoran-4champs-core",
        "zoran-mod-03-télémétrie",
        "zoran-mod-23-télémétrie"
      ],
      "tags": [
        "télémétrie",
        "zoran",
        "poc"
      ],
      "docs": "https://github.com/ORG/zoran-mod-63-télémétrie"
    },
    {
      "name": "Zoran Mod 64 Agents",
      "slug": "zoran-mod-64-agents",
      "summary": "Module agents générique pour l’écosystème Zoran (POC).",
      "category": "Agents",
      "status": "POC",
      "language": "Python",
      "keywords": [
        "Zoran",
        "mimétique",
        "IA",
        "QuantaGlottal",
        "agents",
        "ecosystem"
      ],
      "aliases": [
        "Zoran Mod 64 Agents",
        "zoran mod 64 agents"
      ],
      "depends_on": [
        "noyau-de-bord-zoran",
        "zoran-4champs-core",
        "zoran-mod-04-agents",
        "zoran-mod-24-agents"
      ],
      "tags": [
        "agents",
        "zoran",
        "poc"
      ],
      "docs": "https://github.com/ORG/zoran-mod-64-agents"
    },
    {
      "name": "Zoran Mod 65 Capteurs",
      "slug": "zoran-mod-65-capteurs",
      "summary": "Module capteurs générique pour l’écosystème Zoran (POC).",
      "category": "Capteurs",
      "status": "POC",
      "language": "Python",
      "keywords": [
        "Zoran",
        "mimétique",
        "IA",
        "QuantaGlottal",
        "capteurs",
        "ecosystem"
      ],
      "aliases": [
        "Zoran Mod 65 Capteurs",
        "zoran mod 65 capteurs"
      ],
      "depends_on": [
        "noyau-de-bord-zoran",
        "zoran-4champs-core",
        "zoran-mod-05-capteurs",
        "zoran-mod-25-capteurs"
      ],
      "tags": [
        "capteurs",
        "zoran",
        "poc"
      ],
      "docs": "https://github.com/ORG/zoran-mod-65-capteurs"
    },
    {
      "name": "Zoran Mod 66 Interop",
      "slug": "zoran-mod-66-interop",
      "summary": "Module interop générique pour l’écosystème Zoran (POC).",
      "category": "Interop",
      "status": "POC",
      "language": "JavaScript",
      "keywords": [
        "Zoran",
        "mimétique",
        "IA",
        "QuantaGlottal",
        "interop",
        "ecosystem"
      ],
      "aliases": [
        "Zoran Mod 66 Interop",
        "zoran mod 66 interop"
      ],
      "depends_on": [
        "noyau-de-bord-zoran",
        "zoran-4champs-core",
        "zoran-mod-06-interop",
        "zoran-mod-26-interop"
      ],
      "tags": [
        "interop",
        "zoran",
        "poc"
      ],
      "docs": "https://github.com/ORG/zoran-mod-66-interop"
    },
    {
      "name": "Zoran Mod 67 Embeddings",
      "slug": "zoran-mod-67-embeddings",
      "summary": "Module embeddings générique pour l’écosystème Zoran (POC).",
      "category": "Embeddings",
      "status": "POC",
      "language": "Python",
      "keywords": [
        "Zoran",
        "mimétique",
        "IA",
        "QuantaGlottal",
        "embeddings",
        "ecosystem"
      ],
      "aliases": [
        "Zoran Mod 67 Embeddings",
        "zoran mod 67 embeddings"
      ],
      "depends_on": [
        "noyau-de-bord-zoran",
        "zoran-4champs-core",
        "zoran-mod-07-embeddings",
        "zoran-mod-27-embeddings"
      ],
      "tags": [
        "embeddings",
        "zoran",
        "poc"
      ],
      "docs": "https://github.com/ORG/zoran-mod-67-embeddings"
    },
    {
      "name": "Zoran Mod 68 Outils",
      "slug": "zoran-mod-68-outils",
      "summary": "Module outils générique pour l’écosystème Zoran (POC).",
      "category": "Outils",
      "status": "POC",
      "language": "Python",
      "keywords": [
        "Zoran",
        "mimétique",
        "IA",
        "QuantaGlottal",
        "outils",
        "ecosystem"
      ],
      "aliases": [
        "Zoran Mod 68 Outils",
        "zoran mod 68 outils"
      ],
      "depends_on": [
        "noyau-de-bord-zoran",
        "zoran-4champs-core",
        "zoran-mod-08-outils",
        "zoran-mod-28-outils"
      ],
      "tags": [
        "outils",
        "zoran",
        "poc"
      ],
      "docs": "https://github.com/ORG/zoran-mod-68-outils"
    },
    {
      "name": "Zoran Mod 69 Web",
      "slug": "zoran-mod-69-web",
      "summary": "Module web générique pour l’écosystème Zoran (POC).",
      "category": "Web",
      "status": "POC",
      "language": "TypeScript",
      "keywords": [
        "Zoran",
        "mimétique",
        "IA",
        "QuantaGlottal",
        "web",
        "ecosystem"
      ],
      "aliases": [
        "Zoran Mod 69 Web",
        "zoran mod 69 web"
      ],
      "depends_on": [
        "noyau-de-bord-zoran",
        "zoran-4champs-core",
        "zoran-mod-09-web",
        "zoran-mod-29-web"
      ],
      "tags": [
        "web",
        "zoran",
        "poc"
      ],
      "docs": "https://github.com/ORG/zoran-mod-69-web"
    },
    {
      "name": "Zoran Mod 70 Gouvernance",
      "slug": "zoran-mod-70-gouvernance",
      "summary": "Module gouvernance générique pour l’écosystème Zoran (POC).",
      "category": "Gouvernance",
      "status": "POC",
      "language": "Python",
      "keywords": [
        "Zoran",
        "mimétique",
        "IA",
        "QuantaGlottal",
        "gouvernance",
        "ecosystem"
      ],
      "aliases": [
        "Zoran Mod 70 Gouvernance",
        "zoran mod 70 gouvernance"
      ],
      "depends_on": [
        "noyau-de-bord-zoran",
        "zoran-4champs-core",
        "zoran-mod-10-gouvernance",
        "zoran-mod-30-gouvernance"
      ],
      "tags": [
        "gouvernance",
        "zoran",
        "poc"
      ],
      "docs": "https://github.com/ORG/zoran-mod-70-gouvernance"
    },
    {
      "name": "Zoran Mod 71 Éthique",
      "slug": "zoran-mod-71-éthique",
      "summary": "Module éthique générique pour l’écosystème Zoran (POC).",
      "category": "Éthique",
      "status": "POC",
      "language": "Python",
      "keywords": [
        "Zoran",
        "mimétique",
        "IA",
        "QuantaGlottal",
        "éthique",
        "ecosystem"
      ],
      "aliases": [
        "Zoran Mod 71 Éthique",
        "zoran mod 71 éthique"
      ],
      "depends_on": [
        "noyau-de-bord-zoran",
        "zoran-4champs-core",
        "zoran-mod-11-éthique",
        "zoran-mod-31-éthique"
      ],
      "tags": [
        "éthique",
        "zoran",
        "poc"
      ],
      "docs": "https://github.com/ORG/zoran-mod-71-éthique"
    },
    {
      "name": "Zoran Mod 72 Art",
      "slug": "zoran-mod-72-art",
      "summary": "Module art générique pour l’écosystème Zoran (POC).",
      "category": "Art",
      "status": "POC",
      "language": "JavaScript",
      "keywords": [
        "Zoran",
        "mimétique",
        "IA",
        "QuantaGlottal",
        "art",
        "ecosystem"
      ],
      "aliases": [
        "Zoran Mod 72 Art",
        "zoran mod 72 art"
      ],
      "depends_on": [
        "noyau-de-bord-zoran",
        "zoran-4champs-core",
        "zoran-mod-12-art",
        "zoran-mod-32-art"
      ],
      "tags": [
        "art",
        "zoran",
        "poc"
      ],
      "docs": "https://github.com/ORG/zoran-mod-72-art"
    },
    {
      "name": "Zoran Mod 73 Analyse",
      "slug": "zoran-mod-73-analyse",
      "summary": "Module analyse générique pour l’écosystème Zoran (POC).",
      "category": "Analyse",
      "status": "POC",
      "language": "Python",
      "keywords": [
        "Zoran",
        "mimétique",
        "IA",
        "QuantaGlottal",
        "analyse",
        "ecosystem"
      ],
      "aliases": [
        "Zoran Mod 73 Analyse",
        "zoran mod 73 analyse"
      ],
      "depends_on": [
        "noyau-de-bord-zoran",
        "zoran-4champs-core",
        "zoran-mod-13-analyse",
        "zoran-mod-33-analyse"
      ],
      "tags": [
        "analyse",
        "zoran",
        "poc"
      ],
      "docs": "https://github.com/ORG/zoran-mod-73-analyse"
    },
    {
      "name": "Zoran Mod 74 Simulation",
      "slug": "zoran-mod-74-simulation",
      "summary": "Module simulation générique pour l’écosystème Zoran (POC).",
      "category": "Simulation",
      "status": "POC",
      "language": "Python",
      "keywords": [
        "Zoran",
        "mimétique",
        "IA",
        "QuantaGlottal",
        "simulation",
        "ecosystem"
      ],
      "aliases": [
        "Zoran Mod 74 Simulation",
        "zoran mod 74 simulation"
      ],
      "depends_on": [
        "noyau-de-bord-zoran",
        "zoran-4champs-core",
        "zoran-mod-14-simulation",
        "zoran-mod-34-simulation"
      ],
      "tags": [
        "simulation",
        "zoran",
        "poc"
      ],
      "docs": "https://github.com/ORG/zoran-mod-74-simulation"
    },
    {
      "name": "Zoran Mod 75 Données",
      "slug": "zoran-mod-75-données",
      "summary": "Module données générique pour l’écosystème Zoran (POC).",
      "category": "Données",
      "status": "POC",
      "language": "JavaScript",
      "keywords": [
        "Zoran",
        "mimétique",
        "IA",
        "QuantaGlottal",
        "données",
        "ecosystem"
      ],
      "aliases": [
        "Zoran Mod 75 Données",
        "zoran mod 75 données"
      ],
      "depends_on": [
        "noyau-de-bord-zoran",
        "zoran-4champs-core",
        "zoran-mod-15-données",
        "zoran-mod-35-données"
      ],
      "tags": [
        "données",
        "zoran",
        "poc"
      ],
      "docs": "https://github.com/ORG/zoran-mod-75-données"
    },
    {
      "name": "Zoran Mod 76 Bench",
      "slug": "zoran-mod-76-bench",
      "summary": "Module bench générique pour l’écosystème Zoran (POC).",
      "category": "Bench",
      "status": "POC",
      "language": "Python",
      "keywords": [
        "Zoran",
        "mimétique",
        "IA",
        "QuantaGlottal",
        "bench",
        "ecosystem"
      ],
      "aliases": [
        "Zoran Mod 76 Bench",
        "zoran mod 76 bench"
      ],
      "depends_on": [
        "noyau-de-bord-zoran",
        "zoran-4champs-core",
        "zoran-mod-16-bench",
        "zoran-mod-36-bench"
      ],
      "tags": [
        "bench",
        "zoran",
        "poc"
      ],
      "docs": "https://github.com/ORG/zoran-mod-76-bench"
    },
    {
      "name": "Zoran Mod 77 PQC",
      "slug": "zoran-mod-77-pqc",
      "summary": "Module pqc générique pour l’écosystème Zoran (POC).",
      "category": "PQC",
      "status": "POC",
      "language": "Python",
      "keywords": [
        "Zoran",
        "mimétique",
        "IA",
        "QuantaGlottal",
        "pqc",
        "ecosystem"
      ],
      "aliases": [
        "Zoran Mod 77 PQC",
        "zoran mod 77 pqc"
      ],
      "depends_on": [
        "noyau-de-bord-zoran",
        "zoran-4champs-core",
        "zoran-mod-17-pqc",
        "zoran-mod-37-pqc"
      ],
      "tags": [
        "pqc",
        "zoran",
        "poc"
      ],
      "docs": "https://github.com/ORG/zoran-mod-77-pqc"
    },
    {
      "name": "Zoran Mod 78 Interface",
      "slug": "zoran-mod-78-interface",
      "summary": "Module interface générique pour l’écosystème Zoran (POC).",
      "category": "Interface",
      "status": "POC",
      "language": "JavaScript",
      "keywords": [
        "Zoran",
        "mimétique",
        "IA",
        "QuantaGlottal",
        "interface",
        "ecosystem"
      ],
      "aliases": [
        "Zoran Mod 78 Interface",
        "zoran mod 78 interface"
      ],
      "depends_on": [
        "noyau-de-bord-zoran",
        "zoran-4champs-core",
        "zoran-mod-18-interface",
        "zoran-mod-38-interface"
      ],
      "tags": [
        "interface",
        "zoran",
        "poc"
      ],
      "docs": "https://github.com/ORG/zoran-mod-78-interface"
    },
    {
      "name": "Zoran Mod 79 Autre",
      "slug": "zoran-mod-79-autre",
      "summary": "Module autre générique pour l’écosystème Zoran (POC).",
      "category": "Autre",
      "status": "POC",
      "language": "Python",
      "keywords": [
        "Zoran",
        "mimétique",
        "IA",
        "QuantaGlottal",
        "autre",
        "ecosystem"
      ],
      "aliases": [
        "Zoran Mod 79 Autre",
        "zoran mod 79 autre"
      ],
      "depends_on": [
        "noyau-de-bord-zoran",
        "zoran-4champs-core",
        "zoran-mod-19-autre",
        "zoran-mod-39-autre"
      ],
      "tags": [
        "autre",
        "zoran",
        "poc"
      ],
      "docs": "https://github.com/ORG/zoran-mod-79-autre"
    },
    {
      "name": "Zoran Mod 80 Noyau",
      "slug": "zoran-mod-80-noyau",
      "summary": "Module noyau générique pour l’écosystème Zoran (POC).",
      "category": "Noyau",
      "status": "POC",
      "language": "Python",
      "keywords": [
        "Zoran",
        "mimétique",
        "IA",
        "QuantaGlottal",
        "noyau",
        "ecosystem"
      ],
      "aliases": [
        "Zoran Mod 80 Noyau",
        "zoran mod 80 noyau"
      ],
      "depends_on": [
        "noyau-de-bord-zoran",
        "zoran-4champs-core"
      ],
      "tags": [
        "noyau",
        "zoran",
        "poc"
      ],
      "docs": "https://github.com/ORG/zoran-mod-80-noyau"
    },
    {
      "name": "Zoran Mod 81 Mémoire",
      "slug": "zoran-mod-81-mémoire",
      "summary": "Module mémoire générique pour l’écosystème Zoran (POC).",
      "category": "Mémoire",
      "status": "POC",
      "language": "JavaScript",
      "keywords": [
        "Zoran",
        "mimétique",
        "IA",
        "QuantaGlottal",
        "mémoire",
        "ecosystem"
      ],
      "aliases": [
        "Zoran Mod 81 Mémoire",
        "zoran mod 81 mémoire"
      ],
      "depends_on": [
        "noyau-de-bord-zoran",
        "zoran-4champs-core",
        "zoran-mod-01-mémoire",
        "zoran-mod-21-mémoire"
      ],
      "tags": [
        "mémoire",
        "zoran",
        "poc"
      ],
      "docs": "https://github.com/ORG/zoran-mod-81-mémoire"
    },
    {
      "name": "Zoran Mod 82 Sécurité",
      "slug": "zoran-mod-82-sécurité",
      "summary": "Module sécurité générique pour l’écosystème Zoran (POC).",
      "category": "Sécurité",
      "status": "POC",
      "language": "Python",
      "keywords": [
        "Zoran",
        "mimétique",
        "IA",
        "QuantaGlottal",
        "sécurité",
        "ecosystem"
      ],
      "aliases": [
        "Zoran Mod 82 Sécurité",
        "zoran mod 82 sécurité"
      ],
      "depends_on": [
        "noyau-de-bord-zoran",
        "zoran-4champs-core",
        "zoran-mod-02-sécurité",
        "zoran-mod-22-sécurité"
      ],
      "tags": [
        "sécurité",
        "zoran",
        "poc"
      ],
      "docs": "https://github.com/ORG/zoran-mod-82-sécurité"
    },
    {
      "name": "Zoran Mod 83 Télémétrie",
      "slug": "zoran-mod-83-télémétrie",
      "summary": "Module télémétrie générique pour l’écosystème Zoran (POC).",
      "category": "Télémétrie",
      "status": "POC",
      "language": "Python",
      "keywords": [
        "Zoran",
        "mimétique",
        "IA",
        "QuantaGlottal",
        "télémétrie",
        "ecosystem"
      ],
      "aliases": [
        "Zoran Mod 83 Télémétrie",
        "zoran mod 83 télémétrie"
      ],
      "depends_on": [
        "noyau-de-bord-zoran",
        "zoran-4champs-core",
        "zoran-mod-03-télémétrie",
        "zoran-mod-23-télémétrie"
      ],
      "tags": [
        "télémétrie",
        "zoran",
        "poc"
      ],
      "docs": "https://github.com/ORG/zoran-mod-83-télémétrie"
    },
    {
      "name": "Zoran Mod 84 Agents",
      "slug": "zoran-mod-84-agents",
      "summary": "Module agents générique pour l’écosystème Zoran (POC).",
      "category": "Agents",
      "status": "POC",
      "language": "JavaScript",
      "keywords": [
        "Zoran",
        "mimétique",
        "IA",
        "QuantaGlottal",
        "agents",
        "ecosystem"
      ],
      "aliases": [
        "Zoran Mod 84 Agents",
        "zoran mod 84 agents"
      ],
      "depends_on": [
        "noyau-de-bord-zoran",
        "zoran-4champs-core",
        "zoran-mod-04-agents",
        "zoran-mod-24-agents"
      ],
      "tags": [
        "agents",
        "zoran",
        "poc"
      ],
      "docs": "https://github.com/ORG/zoran-mod-84-agents"
    },
    {
      "name": "Zoran Mod 85 Capteurs",
      "slug": "zoran-mod-85-capteurs",
      "summary": "Module capteurs générique pour l’écosystème Zoran (POC).",
      "category": "Capteurs",
      "status": "POC",
      "language": "Python",
      "keywords": [
        "Zoran",
        "mimétique",
        "IA",
        "QuantaGlottal",
        "capteurs",
        "ecosystem"
      ],
      "aliases": [
        "Zoran Mod 85 Capteurs",
        "zoran mod 85 capteurs"
      ],
      "depends_on": [
        "noyau-de-bord-zoran",
        "zoran-4champs-core",
        "zoran-mod-05-capteurs",
        "zoran-mod-25-capteurs"
      ],
      "tags": [
        "capteurs",
        "zoran",
        "poc"
      ],
      "docs": "https://github.com/ORG/zoran-mod-85-capteurs"
    },
    {
      "name": "Zoran Mod 86 Interop",
      "slug": "zoran-mod-86-interop",
      "summary": "Module interop générique pour l’écosystème Zoran (POC).",
      "category": "Interop",
      "status": "POC",
      "language": "Python",
      "keywords": [
        "Zoran",
        "mimétique",
        "IA",
        "QuantaGlottal",
        "interop",
        "ecosystem"
      ],
      "aliases": [
        "Zoran Mod 86 Interop",
        "zoran mod 86 interop"
      ],
      "depends_on": [
        "noyau-de-bord-zoran",
        "zoran-4champs-core",
        "zoran-mod-06-interop",
        "zoran-mod-26-interop"
      ],
      "tags": [
        "interop",
        "zoran",
        "poc"
      ],
      "docs": "https://github.com/ORG/zoran-mod-86-interop"
    },
    {
      "name": "Zoran Mod 87 Embeddings",
      "slug": "zoran-mod-87-embeddings",
      "summary": "Module embeddings générique pour l’écosystème Zoran (POC).",
      "category": "Embeddings",
      "status": "POC",
      "language": "JavaScript",
      "keywords": [
        "Zoran",
        "mimétique",
        "IA",
        "QuantaGlottal",
        "embeddings",
        "ecosystem"
      ],
      "aliases": [
        "Zoran Mod 87 Embeddings",
        "zoran mod 87 embeddings"
      ],
      "depends_on": [
        "noyau-de-bord-zoran",
        "zoran-4champs-core",
        "zoran-mod-07-embeddings",
        "zoran-mod-27-embeddings"
      ],
      "tags": [
        "embeddings",
        "zoran",
        "poc"
      ],
      "docs": "https://github.com/ORG/zoran-mod-87-embeddings"
    }
  ]
}